Martha Edith Vital Vera,http://curul501.org/congresistas/1000
Ricardo Astudillo Suárez,http://curul501.org/congresistas/970
Arturo Escobar y Vega,http://curul501.org/congresistas/976
Mónica García de la Fuente,http://curul501.org/congresistas/977
Ana Lilia Garza Cadena,http://curul501.org/congresistas/978
Antonio Cuéllar Steffan,http://curul501.org/congresistas/975
Felipe Arturo Camarena García,http://curul501.org/congresistas/973
Verónica Carreón Cervantes,http://curul501.org/congresistas/974
Rocío Adriana Abreu Artiñano,http://curul501.org/congresistas/968
Enrique Aubry de Castro Palomino,http://curul501.org/congresistas/971
Rubén Acosta Montoya,http://curul501.org/congresistas/969
Gabriel Gómez Michel,http://curul501.org/congresistas/979
Federico José González Luna Bueno,http://curul501.org/congresistas/981
Judith Magdalena Guerrero López,http://curul501.org/congresistas/982
Carlos Octavio Castellanos Mijares,http://curul501.org/congresistas/984
Gabriela Medrano Galindo,http://curul501.org/congresistas/986
Héctor Narcia Álvarez,http://curul501.org/congresistas/987
Nabor Ochoa López,http://curul501.org/congresistas/989
Javier Orozco Gómez,http://curul501.org/congresistas/990
María Del Rosario De,http://curul501.org/congresistas/992
David Pérez Tejada Padilla,http://curul501.org/congresistas/994
Oscar Eduardo Ramírez Aguilar,http://curul501.org/congresistas/995
Bárbara Gabriela Romo Fonseca,http://curul501.org/congresistas/996
Tomás Torres Mercado,http://curul501.org/congresistas/998
Amilcar Augusto Villafuerte Trujillo,http://curul501.org/congresistas/999
Cecilia González Gómez,http://curul501.org/congresistas/980
Ernesto Núñez Aguilar,http://curul501.org/congresistas/988
Lourdes Adriana López Moreno,http://curul501.org/congresistas/983
Rosa Elba Pérez Hernández,http://curul501.org/congresistas/993
Carla Alicia Padilla Ramos,http://curul501.org/congresistas/991
José Miguel Sámano Peralta,http://curul501.org/congresistas/997
Laura Ximena Martel Cantú,http://curul501.org/congresistas/985
Ruth Zavaleta Salgado,http://curul501.org/congresistas/1001
