Elizabeth Oswelia Yáñez Robles,http://curul501.org/congresistas/639
Xavier Azuara Zúñiga,http://curul501.org/congresistas/541
Carlos Fernando Angulo Parra,http://curul501.org/congresistas/538
Juan Pablo Adame Alemán,http://curul501.org/congresistas/530
Marcos Aguilar Vega,http://curul501.org/congresistas/532
José Martín López Cisneros,http://curul501.org/congresistas/582
Fernando Rodríguez Doval,http://curul501.org/congresistas/616
José Alfredo Botello Montes,http://curul501.org/congresistas/543
Juan Jesús Aquino Calvo,http://curul501.org/congresistas/539
Juan Carlos Uribe Padilla,http://curul501.org/congresistas/632
Andrés de la Rosa Anaya,http://curul501.org/congresistas/556
Consuelo Argüelles Loya,http://curul501.org/congresistas/540
José Isabel Trejo Reyes,http://curul501.org/congresistas/630
Rafael Acosta Croda,http://curul501.org/congresistas/529
Aurora de la Luz Aguilar Rodríguez,http://curul501.org/congresistas/531
Felipe de Jesús Almaguer Torres,http://curul501.org/congresistas/533
Humberto Alonso Morelli,http://curul501.org/congresistas/534
Martha Berenice Álvarez Tovar,http://curul501.org/congresistas/535
Ricardo Anaya Cortés,http://curul501.org/congresistas/536
José Guillermo Anaya Llamas,http://curul501.org/congresistas/537
Juan Bueno Torio,http://curul501.org/congresistas/544
Juan Francisco Cáceres de la Fuente,http://curul501.org/congresistas/545
Gabriel Cárdenas Guízar,http://curul501.org/congresistas/547
Genaro Carreño Muro,http://curul501.org/congresistas/548
Carlos Humberto Castaños Valenzuela,http://curul501.org/congresistas/549
Sergio Augusto Chan Lugo,http://curul501.org/congresistas/550
Gerardo Maximiliano Cortázar Lara,http://curul501.org/congresistas/552
Isaías Cortés Berumen,http://curul501.org/congresistas/553
Eufrosina Cruz Mendoza,http://curul501.org/congresistas/554
Mario Alberto Dávila Delgado,http://curul501.org/congresistas/555
Arturo De La Rosa Escalante,http://curul501.org/congresistas/557
Rodolfo Dorador Pérez Gavilán,http://curul501.org/congresistas/559
Víctor Osvaldo Fuentes Solís,http://curul501.org/congresistas/561
David Cuauhtémoc Galindo Delgado,http://curul501.org/congresistas/562
Carlos Alberto García González,http://curul501.org/congresistas/563
José Guadalupe García Ramírez,http://curul501.org/congresistas/564
Mariana Dunyaska García Rojas,http://curul501.org/congresistas/565
Juan Manuel Gastélum Buenrostro,http://curul501.org/congresistas/566
Raúl Gómez Ramírez,http://curul501.org/congresistas/567
Lázara Nelly González Aguilar,http://curul501.org/congresistas/568
Adriana González Carrillo,http://curul501.org/congresistas/569
Víctor Rafael González Manriquez,http://curul501.org/congresistas/570
José González Morfín,http://curul501.org/congresistas/571
José Ángel González Serna,http://curul501.org/congresistas/572
Néstor Octavio Gordillo Castillo,http://curul501.org/congresistas/573
Martín Alonso Heredia Lizárraga,http://curul501.org/congresistas/574
Blanca Jiménez Castillo,http://curul501.org/congresistas/575
Raquel Jiménez Cerillo,http://curul501.org/congresistas/576
Alberto Díaz Trujillo,http://curul501.org/congresistas/558
Rubén Camarillo Ortega,http://curul501.org/congresistas/546
Enrique Alejandro Flores Flores,http://curul501.org/congresistas/560
Omar Antonio Borboa Becerra,http://curul501.org/congresistas/542
Alberto Coronado Quintanilla,http://curul501.org/congresistas/551
María Teresa Jiménez Esquivel,http://curul501.org/congresistas/577
Karina Labastida Sotelo,http://curul501.org/congresistas/578
Fernando Larrazábal Bretón,http://curul501.org/congresistas/579
Margarita Licea González,http://curul501.org/congresistas/580
José Alejandro Llanas Alba,http://curul501.org/congresistas/581
Leticia López Landero,http://curul501.org/congresistas/583
Raudel López López,http://curul501.org/congresistas/584
Alejandra López Noriega,http://curul501.org/congresistas/585
Julio César Lorenzini Rangel,http://curul501.org/congresistas/586
Patricia Lugo Barriga,http://curul501.org/congresistas/587
Rafael Alejandro Micalco Méndez,http://curul501.org/congresistas/588
María Guadalupe Mondragón González,http://curul501.org/congresistas/589
Tania Margarita Morgan Navarrete,http://curul501.org/congresistas/590
María Celia Urciel Castañeda,http://curul501.org/congresistas/631
Heberto Neblina Vega,http://curul501.org/congresistas/592
Homero Ricardo Niño de Rivera Vela,http://curul501.org/congresistas/593
José Luis Oliveros Usabiaga,http://curul501.org/congresistas/594
Marcelino Orta Coronado,http://curul501.org/congresistas/595
María Isabel Ortíz Mantilla,http://curul501.org/congresistas/596
Máximo Othón Zayas,http://curul501.org/congresistas/597
J. Jesús Oviedo Herrera,http://curul501.org/congresistas/598
Germán Pacheco Díaz,http://curul501.org/congresistas/599
Leslie Pantoja Hernández,http://curul501.org/congresistas/600
Raúl Paz Alonso,http://curul501.org/congresistas/601
Flor de María Pedraza Aguilera,http://curul501.org/congresistas/602
Francisco Pelayo Covarrubias,http://curul501.org/congresistas/603
Gerardo Peña Avilés,http://curul501.org/congresistas/604
Carmen Lucia Pérez Camarena,http://curul501.org/congresistas/605
Humberto Armando Prieto Herrera,http://curul501.org/congresistas/606
Esther Quintana Salinas,http://curul501.org/congresistas/607
María Concepción Ramírez Diez Gutiérrez,http://curul501.org/congresistas/608
Luis Miguel Ramírez Romero,http://curul501.org/congresistas/609
José Enrique Reina Lizárraga,http://curul501.org/congresistas/610
Juan Carlos Muñoz Márquez,http://curul501.org/congresistas/591
Rocío Esmeralda Reza Gallegos,http://curul501.org/congresistas/611
Alicia Concepción Ricalde Magaña,http://curul501.org/congresistas/612
Alfredo Rivadeneyra Hernández,http://curul501.org/congresistas/613
Erick Marte Rivera Villanueva,http://curul501.org/congresistas/614
Ernesto Alfonso Robledo Leal,http://curul501.org/congresistas/615
Diego Sinhué Rodríguez Vallejo,http://curul501.org/congresistas/617
Leonor Romero Sevilla,http://curul501.org/congresistas/618
Jorge Rosiñol Abreu,http://curul501.org/congresistas/619
Verónica Sada Pérez,http://curul501.org/congresistas/620
Margarita Saldaña Hernández,http://curul501.org/congresistas/621
José Arturo Salinas Garza,http://curul501.org/congresistas/622
Glafiro Salinas Mendiola,http://curul501.org/congresistas/623
Ramón Antonio Sampayo Ortiz,http://curul501.org/congresistas/624
Mario Sánchez Ruiz,http://curul501.org/congresistas/625
Víctor Serralde Martínez,http://curul501.org/congresistas/626
Marcelo de Jesús Torres Cofiño,http://curul501.org/congresistas/629
Cynthia Noemí Valladares Couoh,http://curul501.org/congresistas/633
Elizabeth Vargas Martín del Campo,http://curul501.org/congresistas/634
Jorge Iván Villalobos Seañez,http://curul501.org/congresistas/635
Luis Alberto Villareal García,http://curul501.org/congresistas/636
Beatríz Eugenia Yamamoto Cázares,http://curul501.org/congresistas/638
Alfredo Zamora García,http://curul501.org/congresistas/640
María Beatriz Zavala Peniche,http://curul501.org/congresistas/641
Damián Zepeda Vidales,http://curul501.org/congresistas/642
Martha Leticia Sosa Govea,http://curul501.org/congresistas/627
Ricardo Villarreal García,http://curul501.org/congresistas/637
Jorge Francisco Sotomayor Chávez,http://curul501.org/congresistas/628
