Roberto López Rosado,http://curul501.org/congresistas/695
Javier Salinas Narváez,http://curul501.org/congresistas/732
Andrés Eloy Martínez Rojas,http://curul501.org/congresistas/700
Fernando Zárate Salgado,http://curul501.org/congresistas/742
José Angel Ávila Pérez,http://curul501.org/congresistas/651
Agustín Miguel Alonso Raya,http://curul501.org/congresistas/646
Luis Ángel Xariel Espinosa Cházaro,http://curul501.org/congresistas/676
Agustín Barrios Gómez Segues,http://curul501.org/congresistas/652
Aleida Alavez Ruiz,http://curul501.org/congresistas/644
Edilberto Algredo Jaramillo,http://curul501.org/congresistas/645
Antonio Altamirano Carol,http://curul501.org/congresistas/647
María de Lourdes Amaya Reyes,http://curul501.org/congresistas/648
Silvano Aureoles Conejo,http://curul501.org/congresistas/650
Claudia Elena Águila Torres,http://curul501.org/congresistas/643
Luis Manuel Arias Pallares,http://curul501.org/congresistas/649
Martí Batres Guadarrama,http://curul501.org/congresistas/653
Alliet Mariana Bautista Bravo,http://curul501.org/congresistas/654
Gloria Bautista Cuevas,http://curul501.org/congresistas/655
Claudia Elizabeth Bojórquez Javier,http://curul501.org/congresistas/659
Juana Bonilla Jaime,http://curul501.org/congresistas/660
Teresita de Jesús Borges Pasos,http://curul501.org/congresistas/661
Tomás Brito Lara,http://curul501.org/congresistas/662
Purificación Carpinteyro Calderón,http://curul501.org/congresistas/664
Mario Miguel Carrillo Huerta,http://curul501.org/congresistas/665
Ángel Cedillo Hernández,http://curul501.org/congresistas/666
María del Socorro Ceseñas Chapa,http://curul501.org/congresistas/667
Armando Contreras Ceballos,http://curul501.org/congresistas/668
Yazmín de los Angeles Copete Zapot,http://curul501.org/congresistas/669
Arturo Cruz Ramírez,http://curul501.org/congresistas/670
Mario Alejandro Cuevas Mena,http://curul501.org/congresistas/672
Carlos de Jesús Alejandro,http://curul501.org/congresistas/673
Sebastián Alfonso de la Rosa Pelaéz,http://curul501.org/congresistas/674
Catalino Duarte Ortuño,http://curul501.org/congresistas/675
José Luis Esquivel Zalpa,http://curul501.org/congresistas/677
Guadalupe Socorro Flores Salazar,http://curul501.org/congresistas/679
Juan Manuel Focil Pérez,http://curul501.org/congresistas/680
Antonio García Conejo,http://curul501.org/congresistas/681
Marcelo Garza Ruvalcaba,http://curul501.org/congresistas/684
Gerardo Gaudiano Rovirosa,http://curul501.org/congresistas/685
Rodrigo González Barrios,http://curul501.org/congresistas/686
Víctor Manuel Bautista López,http://curul501.org/congresistas/656
Uriel Flores Aguayo,http://curul501.org/congresistas/678
Verónica García Reyes,http://curul501.org/congresistas/683
Fernando Belaunzarán Méndez,http://curul501.org/congresistas/657
Alejandro Carbajal González,http://curul501.org/congresistas/663
Fernando Cuellar Reyes,http://curul501.org/congresistas/671
Amalia Dolores García Medina,http://curul501.org/congresistas/682
Silvano Blanco de Aquino,http://curul501.org/congresistas/658
Valentín González Bautista,http://curul501.org/congresistas/687
Delfina Elizabeth Guzmán Díaz,http://curul501.org/congresistas/689
Jhonatan Jardines Fraire,http://curul501.org/congresistas/690
Verónica Beatriz Juárez Piña,http://curul501.org/congresistas/692
José Antonio León Mendívil,http://curul501.org/congresistas/693
Roberto López González,http://curul501.org/congresistas/694
Roxana Luna Porquillo,http://curul501.org/congresistas/697
Víctor Manuel Manríquez González,http://curul501.org/congresistas/699
Angélica Rocío Melchor Vásquez,http://curul501.org/congresistas/703
Lorena Méndez Denis,http://curul501.org/congresistas/704
Mario Rafael Méndez Martínez,http://curul501.org/congresistas/705
María del Rosario Merlín García,http://curul501.org/congresistas/706
Martha Lucía Mícher Camarena,http://curul501.org/congresistas/707
María Guadalupe Moctezuma Oviedo,http://curul501.org/congresistas/708
Ramón Montalvo Hernández,http://curul501.org/congresistas/710
Carlos Augusto Morales López,http://curul501.org/congresistas/711
Trinidad Secundino Morales Vargas,http://curul501.org/congresistas/712
Gisela Raquel Mota Ocampo,http://curul501.org/congresistas/715
José Luis Muñoz Soria,http://curul501.org/congresistas/716
Víctor Reymundo Nájera Medina,http://curul501.org/congresistas/717
Pedro Porras Pérez,http://curul501.org/congresistas/720
Vicario Portillo Martínez,http://curul501.org/congresistas/721
Domitilo Posadas Hernández,http://curul501.org/congresistas/722
Roberto López Suárez,http://curul501.org/congresistas/696
Julisa Mejía Guardado,http://curul501.org/congresistas/702
Teresa de Jesús Mojica Morga,http://curul501.org/congresistas/709
Marcos Rosendo Medina Filigrana,http://curul501.org/congresistas/701
Yesenia Nolasco Ramírez,http://curul501.org/congresistas/719
Israel Moreno Rivera,http://curul501.org/congresistas/713
Hugo Jarquín ,http://curul501.org/congresistas/691
Julio César Moreno Rivera,http://curul501.org/congresistas/714
Alfa Eliana González Magallanes,http://curul501.org/congresistas/688
Joaquina Navarrete Contreras,http://curul501.org/congresistas/718
José Valentín Maldonado Salgado,http://curul501.org/congresistas/698
Karen Quiroga Anguiano,http://curul501.org/congresistas/723
Carla Guadalupe Reyes Montiel,http://curul501.org/congresistas/724
Lizbeth Eugenia Rosas Montero,http://curul501.org/congresistas/728
Jessica Salazar Trejo,http://curul501.org/congresistas/729
Graciela Saldaña Fraire,http://curul501.org/congresistas/730
Josefina Salinas Pérez,http://curul501.org/congresistas/733
Alejandro Sánchez Camacho,http://curul501.org/congresistas/734
Guillermo Sánchez Torres,http://curul501.org/congresistas/735
Antonio Sansores Sastre,http://curul501.org/congresistas/736
Rosendo Serrano Toledo,http://curul501.org/congresistas/737
Margarita Elena Tapia Fonllem,http://curul501.org/congresistas/738
Javier Orihuela García,http://curul501.org/congresistas/754
Jorge Salgado Parra,http://curul501.org/congresistas/731
Crystal Tovar Aragón,http://curul501.org/congresistas/739
María Fernanda Romero Lozano,http://curul501.org/congresistas/727
Lorenia Iveth Valles Sampedro,http://curul501.org/congresistas/740
Francisco Tomás Rodríguez Montero,http://curul501.org/congresistas/726
Roberto Carlos Reyes Gámiz,http://curul501.org/congresistas/725
